{
    "Linear Regression": {
        "1_days": 16.8256817152525,
        "3_days": 17.223537718536637,
        "5_days": 17.324159485563484,
        "7_days": 17.29674519818343,
        "14_days": 17.576081461810045,
        "30_days": 18.331090637633075,
        "91_days": 23.192541077380334,
        "183_days": 26.78198228673282,
        "365_days": 23.344495121686275
    },
    "ARIMA": {
        "1_days": 26.43351790825009,
        "3_days": 26.969682766229383,
        "5_days": 27.58538960473658,
        "7_days": 27.98482042187414,
        "14_days": 30.075691424704804,
        "30_days": 34.77910434282589,
        "91_days": 39.23007411250782,
        "183_days": 40.40940788522823,
        "365_days": 28.785023273136666
    },
    "LSTM": {
        "1_days": 81.24820017262809,
        "3_days": 80.93121602178914,
        "5_days": 77.13261788727736,
        "7_days": 72.53597331844576,
        "14_days": 57.74519156066187,
        "30_days": 44.89579952343176,
        "91_days": 30.74530441409396,
        "183_days": 24.318115919334367,
        "365_days": 20.432589563425942
    },
    "Prophet": {
        "1_days": 7.6860504800642495,
        "3_days": 8.273327152506349,
        "5_days": 8.300555535159825,
        "7_days": 8.135562619106286,
        "14_days": 7.994324140292912,
        "30_days": 7.7861069826163085,
        "91_days": 6.798417426095737,
        "183_days": 7.1482966608573335,
        "365_days": 9.065542583146312
    },
    "Random Forest": {
        "1_days": 93.97581189091854,
        "3_days": 94.5741683422715,
        "5_days": 94.55908702879343,
        "7_days": 94.16188115536099,
        "14_days": 92.76296844906271,
        "30_days": 93.1169964423355,
        "91_days": 91.95284778565254,
        "183_days": 91.59399893242032,
        "365_days": 90.36819479510498
    },
    "XGBoost": {
        "1_days": 99.76742743951998,
        "3_days": 99.79765508837049,
        "5_days": 99.77623424373245,
        "7_days": 99.76626929293282,
        "14_days": 99.75843696001101,
        "30_days": 99.7554715050523,
        "91_days": 99.70093601795486,
        "183_days": 99.6757121243158,
        "365_days": 99.63733465103941
    },
    "SVR": {
        "1_days": 80.33012147411934,
        "3_days": 80.00127779508831,
        "5_days": 80.01599295391645,
        "7_days": 80.1524844090966,
        "14_days": 81.60508450721397,
        "30_days": 83.74223410691486,
        "91_days": 87.87893048802164,
        "183_days": 89.60239147463675,
        "365_days": 90.48563956646117
    },
    "SARIMA": {
        "1_days": 93.15190431713805,
        "3_days": 88.4197206638535,
        "5_days": 84.62845692532947,
        "7_days": 81.10823475028646,
        "14_days": 69.87853426279823,
        "30_days": 55.565216128697905,
        "91_days": 33.068276137679675,
        "183_days": 22.03982447722507,
        "365_days": 13.684075443774457
    },
    "GBM": {
        "1_days": 89.5772286281175,
        "3_days": 91.07662674902598,
        "5_days": 91.3223586731149,
        "7_days": 91.13688843266826,
        "14_days": 90.5466466195584,
        "30_days": 91.22509561935738,
        "91_days": 91.47048663438842,
        "183_days": 91.52811099916106,
        "365_days": 90.46654797380538
    },
    "KNN": {
        "1_days": 25.65400177511856,
        "3_days": 27.71321681777662,
        "5_days": 27.568108202987272,
        "7_days": 27.36659662920986,
        "14_days": 26.385943581926004,
        "30_days": 29.228410072411236,
        "91_days": 34.61035889868065,
        "183_days": 36.37646370534979,
        "365_days": 35.10630696666048
    }
}